y_pred,y_true,pdb_id,coord
-8.772768,0,1FUF,[ 3 -6 24]
-28.770021,0,1FUF,[  0 -18  18]
-7.6818423,0,1FUF,[-6 12 18]
-9.071584,0,1FUF,[-9  9 24]
-53.386024,0,1FUF,[ 9 15  9]
-6.423636,0,1FUF,[6 6 6]
-53.386024,0,1FUF,[-18 -12  18]
-6.57503,0,1FUF,[-6  0  3]
-12.83676,0,1FUF,[-6 18 15]
-26.409868,0,1FUF,[15  9  0]
-52.29252,0,1FUF,[27  3  6]
-6.002782,0,1FUF,[6 0 6]
-8.08177,0,1FUF,[-12  12  12]
-13.42061,0,1FUF,[18  0  0]
-52.29252,0,1FUF,[-18  -6   0]
-37.184433,0,1FUF,[-21  -9   9]
-7.6301613,0,1FUF,[15  3 12]
-14.331751,0,1FUF,[-9 18 12]
-28.568333,0,1FUF,[ 0  3 -6]
-7.2108135,0,1FUF,[12  6 15]
-7.4999003,0,1FUF,[18 -3 18]
-11.640578,0,1FUF,[15  6  3]
-10.17012,0,1FUF,[ 0 -3 -3]
-6.951444,0,1FUF,[-3 -9 15]
-8.658312,0,1FUF,[9 3 0]
-15.587719,0,1FUF,[18  9 15]
-22.229979,0,1FUF,[-21   6  27]
-36.67189,0,1FUF,[-12  -3  27]
-5.163862,0,1FUF,[ 9 -3  9]
-23.213284,0,1FUF,[15 -6 -3]
-6.2780914,0,1FUF,[9 3 9]
-6.088173,0,1FUF,[-9 -3  9]
-9.506775,0,1FUF,[-12   3   3]
-13.761112,0,1FUF,[-6  6 27]
-10.092342,0,1FUF,[12  9 12]
-5.680323,0,1FUF,[-12   3  12]
-6.224563,0,1FUF,[ 6 -9  6]
-23.544481,0,1FUF,[ -9 -12  18]
-14.361523,0,1FUF,[21 -6 18]
-17.4889,0,1FUF,[-12  -9  21]
-9.798892,0,1FUF,[  0 -12  21]
-52.29252,0,1FUF,[-15  -9   0]
-53.386024,0,1FUF,[24  0 21]
-25.816048,0,1FUF,[ 0 -6 27]
-14.361523,0,1FUF,[-18  12  18]
-12.681515,0,1FUF,[ 0  6 -3]
-52.29252,0,1FUF,[21  9  3]
-6.580868,0,1FUF,[-6 12 12]
-6.009746,0,1FUF,[12 -9 12]
-11.575544,0,1FUF,[18  6  6]
-13.849449,0,1FUF,[-15  -9   3]
-8.923841,0,1FUF,[-15  -6  18]
-7.4565773,0,1FUF,[0 0 0]
-6.3994417,0,1FUF,[15 -3  9]
-5.528471,0,1FUF,[-6  3 15]
-7.0253386,0,1FUF,[12 -6 18]
-6.7061076,0,1FUF,[ 3  6 21]
-17.043043,0,1FUF,[15  3 24]
-5.7880282,0,1FUF,[-3 -3  9]
-11.729897,0,1FUF,[  9 -12  24]
-8.527468,0,1FUF,[-6  0 24]
-25.665165,0,1FUF,[-24   0  24]
-52.29252,0,1FUF,[-3 15 -3]
-15.53038,0,1FUF,[-18   9  24]
-13.8974085,0,1FUF,[15 -9 24]
-17.998503,0,1FUF,[21  9  9]
-13.043996,0,1FUF,[-15   3  27]
-52.29252,0,1FUF,[-18  -6  27]
-7.0096755,0,1FUF,[ 6  9 15]
-36.01137,0,1FUF,[18 -6  0]
-9.329857,0,1FUF,[ 9  3 24]
-7.3978786,0,1FUF,[-9 -6 18]
-53.386024,0,1FUF,[ -9 -15  15]
-7.0938015,0,1FUF,[-6  3 21]
-53.386024,0,1FUF,[-24   3  18]
-10.874401,0,1FUF,[12 -9 24]
-37.400894,0,1FUF,[-3  0 -6]
-8.35366,0,1FUF,[-9  0 24]
-4.95881,0,1FUF,[ 3  6 18]
-6.7207108,0,1FUF,[6 3 3]
-8.892268,0,1FUF,[15  0  3]
-7.5531883,0,1FUF,[15 -3 15]
-6.823057,0,1FUF,[-12  -3  21]
-24.326942,0,1FUF,[-15   9   6]
-29.430595,0,1FUF,[-6 12 -3]
-11.511901,0,1FUF,[-12  15   6]
-7.3066273,0,1FUF,[-3 -3  3]
-17.849304,0,1FUF,[-9  3 27]
-5.815895,0,1FUF,[ 9 -9 12]
-28.366184,0,1FUF,[-21  -9  15]
-53.386024,0,1FUF,[15  6 24]
-19.043615,0,1FUF,[18 -6 24]
-5.824499,0,1FUF,[ 6  3 18]
-6.5254316,0,1FUF,[15  6  9]
-9.878088,0,1FUF,[15  6  6]
-10.85766,0,1FUF,[-3 15  6]
-12.947701,0,1FUF,[-15  15   9]
-8.003665,0,1FUF,[ 0 12  6]
-8.8228035,0,1FUF,[-12   3  24]
-52.29252,0,1FUF,[-15 -12   3]
-23.79689,0,1FUF,[-12   9   0]
-10.609288,0,1FUF,[21  3  9]
-10.605794,0,1FUF,[-18   9  12]
-7.7552238,0,1FUF,[18 -6 15]
-53.386024,0,1FUF,[-24   3  27]
-37.072,0,1FUF,[-3 12 -3]
-8.159588,0,1FUF,[-9 12 15]
-52.29252,0,1FUF,[  6 -18   6]
-9.249569,0,1FUF,[ 6  0 24]
-6.6327047,0,1FUF,[-15   0  15]
-7.2937794,0,1FUF,[  6 -12  18]
-7.019234,0,1FUF,[-6 -6  6]
-7.0577464,0,1FUF,[12 -9 18]
-6.433674,0,1FUF,[ 9 -9  9]
-15.986316,0,1FUF,[  3 -18  18]
-18.784126,0,1FUF,[18 -9  9]
-53.386024,0,1FUF,[-9 12 27]
-11.134339,0,1FUF,[-15  -9  15]
-29.275185,0,1FUF,[24 -3 18]
-10.326323,0,1FUF,[21 -3 15]
-11.475234,0,1FUF,[-6 15  6]
-17.505735,0,1FUF,[ 15 -15  15]
-11.595493,0,1FUF,[-18   6  24]
-14.372482,0,1FUF,[-15  15  18]
-36.878708,0,1FUF,[  0 -15   0]
-53.386024,0,1FUF,[21  6 21]
-21.723719,0,1FUF,[12 -3 -6]
-35.282368,0,1FUF,[-9  9 -3]
-5.9111986,0,1FUF,[ 6 -6  6]
-10.662786,0,1FUF,[18  6 15]
-6.504232,0,1FUF,[-9  9 12]
-8.268977,0,1FUF,[18  3  6]
-34.976048,0,1FUF,[15 -9  6]
-6.3039455,0,1FUF,[-3  0 18]
-5.991082,0,1FUF,[-6  6 18]
-6.214616,0,1FUF,[-6 -3  9]
-7.976224,0,1FUF,[15 -6  9]
-53.386024,0,1FUF,[ 9 15 12]
-20.984564,0,1FUF,[-15 -12  18]
-10.456318,0,1FUF,[-18   0  21]
-6.1608486,0,1FUF,[-9  0  6]
-31.219189,0,1FUF,[24  6  3]
-5.698515,0,1FUF,[ 9 -6  9]
-12.580227,0,1FUF,[-3 15  3]
-53.386024,0,1FUF,[12 12  6]
-6.22213,0,1FUF,[ 3 -3 21]
-24.630602,0,1FUF,[-12  18   6]
-8.040059,0,1FUF,[-12  -6  18]
-10.440775,0,1FUF,[18  0 21]
-35.69094,0,1FUF,[ 9 -9 27]
-14.285387,0,1FUF,[-21   6  24]
-9.884528,0,1FUF,[ 9 -3 24]
-10.009154,0,1FUF,[ -3 -15  15]
-6.6439915,0,1FUF,[ 0 -6 12]
-8.206133,0,1FUF,[-6  6  0]
-9.857561,0,1FUF,[-3  9 24]
-9.648616,0,1FUF,[-9 15  9]
-6.0674663,0,1FUF,[-3  9 12]
-8.956165,0,1FUF,[-12  12  21]
-16.866756,0,1FUF,[21  3  3]
-7.8978167,0,1FUF,[ 0 -9 21]
-15.816975,0,1FUF,[-18  -3   6]
-10.848205,0,1FUF,[15  3 -3]
-6.06149,0,1FUF,[ 0 -6 15]
-7.6132565,0,1FUF,[-9 12 18]
-8.195553,0,1FUF,[6 9 3]
-5.2735825,0,1FUF,[ 3  3 21]
-6.678034,0,1FUF,[-9 -6 12]
-7.1724367,0,1FUF,[  0 -12  12]
-6.4200425,0,1FUF,[-3  9  6]
-7.4262786,0,1FUF,[-15   6  15]
-12.766518,0,1FUF,[  6 -15  21]
-18.695135,0,1FUF,[-15  -9  21]
-53.386024,0,1FUF,[18  9  0]
-6.681105,0,1FUF,[15  3  6]
-8.460169,0,1FUF,[ 9 -6 24]
-14.558871,0,1FUF,[-15   6  27]
-38.974525,0,1FUF,[-18  12   9]
-52.29252,0,1FUF,[ 9  9 24]
-10.152787,0,1FUF,[18 -6 21]
-8.402974,0,1FUF,[  6 -15  12]
-5.7331142,0,1FUF,[-9  3  9]
-10.733949,0,1FUF,[-18  -6  18]
-9.084137,0,1FUF,[-15   9  21]
-11.262826,0,1FUF,[ 0 -6 -3]
-5.1170015,0,1FUF,[ 3  0 18]
-53.386024,0,1FUF,[-15  12  27]
-5.4794703,0,1FUF,[-12   0  15]
-11.658796,0,1FUF,[  9 -12   0]
-15.1111355,0,1FUF,[  3 -18  15]
-53.386024,0,1FUF,[15  0 27]
-52.29252,0,1FUF,[ 0 18 15]
-9.142921,0,1FUF,[ -9 -12   9]
-12.134694,0,1FUF,[21 -3 18]
-6.667755,0,1FUF,[ 9 -3 15]
-6.109708,0,1FUF,[-6 -3 15]
-7.637516,0,1FUF,[-6 12  9]
-8.970131,0,1FUF,[-12   6  24]
-34.976048,0,1FUF,[-18   3   9]
-5.4916997,0,1FUF,[3 0 9]
-8.590688,0,1FUF,[-3 15 15]
-9.524714,0,1FUF,[21 -3 12]
-52.29252,0,1FUF,[ 6 -9 27]
-10.358976,0,1FUF,[ 6 -9 24]
-10.16826,0,1FUF,[ 6 12 15]
-5.0832872,0,1FUF,[-12   0   9]
-8.635763,0,1FUF,[-3  0 24]
-7.1659007,0,1FUF,[ 6  9 12]
-8.907941,0,1FUF,[-6 15  9]
-52.29252,0,1FUF,[ 12 -18  12]
-7.3195896,0,1FUF,[-3 12 15]
-14.424662,0,1FUF,[-15  15  12]
-5.416772,0,1FUF,[0 0 9]
-6.6210613,0,1FUF,[-6  9 15]
-5.696406,0,1FUF,[-12   3  15]
-37.75644,0,1FUF,[-9 18  0]
-25.816048,0,1FUF,[  3 -18   9]
-8.205637,0,1FUF,[6 9 6]
-6.096923,0,1FUF,[-6  0  9]
-6.487094,0,1FUF,[-3 -6  9]
-24.302795,0,1FUF,[ -3 -12   0]
-19.408588,0,1FUF,[ 9 -6 27]
-10.0023155,0,1FUF,[-15   3  24]
-5.4242706,0,1FUF,[ 3  6 12]
-7.347878,0,1FUF,[15 -6 15]
-10.223181,0,1FUF,[  3 -12  21]
-5.233714,0,1FUF,[ 0 -3  9]
-53.386024,0,1FUF,[ 6  3 -6]
-7.44744,0,1FUF,[-12   0  21]
-25.816048,0,1FUF,[-3 18 15]
-5.9508076,0,1FUF,[12  0 12]
-7.361627,0,1FUF,[ 0 -6  3]
-11.888622,0,1FUF,[  9 -15  21]
-6.6196575,0,1FUF,[6 3 0]
-25.665165,0,1FUF,[21  0  3]
-6.9813333,0,1FUF,[-9 -9 12]
-8.258692,0,1FUF,[-6 -3  0]
-15.464944,0,1FUF,[ -9 -12   3]
-29.430595,0,1FUF,[  9 -15  24]
-12.514906,0,1FUF,[21  3 18]
-9.95442,0,1FUF,[-12   3   6]
-52.29252,0,1FUF,[  9 -15   0]
-37.184433,0,1FUF,[ 6 12 21]
-6.3876834,0,1FUF,[-12   9   9]
-36.419945,0,1FUF,[12 -9 27]
-7.293936,0,1FUF,[12  3  6]
-6.882373,0,1FUF,[  0 -12   9]
-9.064356,0,1FUF,[15  3  3]
-54.3768,0,1FUF,[-6 18 21]
-11.747145,0,1FUF,[-6 -9  0]
-52.29252,0,1FUF,[-18 -12   6]
-7.222436,0,1FUF,[-12  -6  15]
-6.5640125,0,1FUF,[ -3 -12   9]
-10.548048,0,1FUF,[  3 -12   0]
-12.5829735,0,1FUF,[-21   0  24]
-9.5182,0,1FUF,[  0 -15  15]
-10.195624,0,1FUF,[ -9 -12   6]
-6.2376313,0,1FUF,[ 6 -9  9]
-6.2378864,0,1FUF,[-3 -3  6]
-9.718524,0,1FUF,[-6 15 12]
-13.561155,0,1FUF,[21  9 15]
-21.28077,0,1FUF,[  6 -15  24]
-11.151577,0,1FUF,[-18   9  21]
-8.746805,0,1FUF,[ 6 12 12]
-9.575562,0,1FUF,[12  9 15]
-8.515633,0,1FUF,[  0 -12   6]
-19.750584,0,1FUF,[-21  -3  12]
-6.9269457,0,1FUF,[ 0 -9  3]
-7.232666,0,1FUF,[ 9 -9 15]
-6.796159,0,1FUF,[0 6 3]
-10.438152,0,1FUF,[-6 15 18]
-10.535068,0,1FUF,[-12   9   3]
-52.29252,0,1FUF,[-15  -6  27]
-14.455025,0,1FUF,[-12   6  27]
-8.586885,0,1FUF,[-12  -3   3]
-53.386024,0,1FUF,[ -9 -12   0]
-8.413735,0,1FUF,[ -6 -12   9]
-11.469962,0,1FUF,[-18   3  24]
-13.6044235,0,1FUF,[21  6 12]
-20.882883,0,1FUF,[12  0 -6]
-5.1125093,0,1FUF,[-6  0 12]
-23.190504,0,1FUF,[  0 -18   6]
-6.5274973,0,1FUF,[ 0  6 12]
-7.325154,0,1FUF,[-12   6  18]
-7.171574,0,1FUF,[-9 -6  3]
-6.857871,0,1FUF,[-3 -3 21]
-11.617968,0,1FUF,[-15  12  12]
-6.3749833,0,1FUF,[ 3 -9 12]
-10.488703,0,1FUF,[-15   0   6]
-8.173788,0,1FUF,[18  0  9]
-8.052966,0,1FUF,[ 9 -9  0]
-6.4910326,0,1FUF,[ 3 -9  6]
-51.833035,0,1FUF,[21 -6  6]
-36.01137,0,1FUF,[ 12 -12   6]
-29.430595,0,1FUF,[ 12 -18  15]
-7.0513816,0,1FUF,[  6 -12  12]
-6.298725,0,1FUF,[12  0 15]
-24.172031,0,1FUF,[-15  18  15]
-9.939927,0,1FUF,[ 9  3 -3]
-7.698034,0,1FUF,[9 6 3]
-5.788287,0,1FUF,[3 6 9]
-8.632458,0,1FUF,[-6  9  0]
-52.29252,0,1FUF,[-6 15 -3]
-27.10493,0,1FUF,[15 -3 27]
-4.831168,0,1FUF,[ 3  0 21]
-6.8755417,0,1FUF,[ 0 -6  6]
-8.123236,0,1FUF,[-9 -9  6]
-15.515962,0,1FUF,[  0 -18   9]
-22.931461,0,1FUF,[21 -6 21]
-6.1779804,0,1FUF,[-9  6 12]
-6.6759706,0,1FUF,[  3 -12  12]
-34.694614,0,1FUF,[24  9  6]
-8.356797,0,1FUF,[-18   3  15]
-10.518141,0,1FUF,[-18  -6  12]
-8.73135,0,1FUF,[-6  6 24]
-6.541758,0,1FUF,[-12   0  12]
-6.0444894,0,1FUF,[ 9 -3  6]
-9.281877,0,1FUF,[18 -3  6]
-11.481423,0,1FUF,[  3 -15  21]
-19.206528,0,1FUF,[24  6  6]
-22.181503,0,1FUF,[-3  9 27]
-6.89592,0,1FUF,[15 -3 12]
-8.3244915,0,1FUF,[-6  3  0]
-8.645512,0,1FUF,[-15   3  21]
-10.548048,0,1FUF,[-12 -12  12]
-28.366184,0,1FUF,[12 12 18]
-30.912403,0,1FUF,[ 3 15 15]
-12.515648,0,1FUF,[-9  3 -3]
-5.334057,0,1FUF,[ 3 -3 15]
-52.29252,0,1FUF,[  6 -18   9]
-6.0708466,0,1FUF,[-3  3 18]
-6.68219,0,1FUF,[-9 -3 15]
-6.941252,0,1FUF,[-6 -9  9]
-6.776758,0,1FUF,[-6 -6 12]
-29.275185,0,1FUF,[27  3 15]
-51.833035,0,1FUF,[-15  15  21]
-28.701088,0,1FUF,[-18  -3   3]
-6.784205,0,1FUF,[-9  9 15]
-10.18302,0,1FUF,[ 0 15  6]
-23.575413,0,1FUF,[18 -6  6]
-6.9473495,0,1FUF,[12 -9 15]
-7.993368,0,1FUF,[  3 -15   9]
-6.054104,0,1FUF,[ 9  3 15]
-11.43474,0,1FUF,[24  6 12]
-6.3639255,0,1FUF,[ 0 -9  9]
-7.939613,0,1FUF,[ -3 -12  15]
-52.29252,0,1FUF,[ 12 -15  24]
-52.29252,0,1FUF,[ 15 -18  18]
-8.968384,0,1FUF,[-12   6   6]
-9.238413,0,1FUF,[-15  -6  15]
-11.276655,0,1FUF,[-18  -9   9]
-7.734631,0,1FUF,[9 0 0]
-11.385458,0,1FUF,[24  0  9]
-35.69094,0,1FUF,[12  3 -6]
-6.353634,0,1FUF,[-3  6 18]
-7.516989,0,1FUF,[  3 -12   6]
-17.359226,0,1FUF,[-9  6 27]
-11.266357,0,1FUF,[ -3 -15   6]
-14.040735,0,1FUF,[15  9  9]
-11.841566,0,1FUF,[-6 18 12]
-8.583836,0,1FUF,[-12  -9  12]
-12.8314295,0,1FUF,[-15   9  24]
-6.6887484,0,1FUF,[-3  9  9]
-36.01137,0,1FUF,[ 0 15  0]
-6.656099,0,1FUF,[ 9  6 15]
-7.51734,0,1FUF,[ 0  6 21]
-6.0216136,0,1FUF,[12 -6 15]
-11.993899,0,1FUF,[12 -9  3]
-37.072,0,1FUF,[-9 12 -3]
-9.193344,0,1FUF,[ -6 -12   6]
-18.063938,0,1FUF,[  0 -18  15]
-29.034863,0,1FUF,[ 3 -3 -6]
-5.3396974,0,1FUF,[ 6  0 15]
-8.628498,0,1FUF,[15 -9 12]
-6.752715,0,1FUF,[-3  6 21]
-36.01137,0,1FUF,[  0 -12  24]
-53.386024,0,1FUF,[ -6 -12  21]
-28.701086,0,1FUF,[-18  -6   3]
-10.782797,0,1FUF,[ -3 -15   9]
-18.529263,0,1FUF,[-12  18   9]
-8.92348,0,1FUF,[-3  9  0]
-6.0868654,0,1FUF,[ 6 -3  6]
-37.88389,0,1FUF,[27  0 15]
-6.6210585,0,1FUF,[15  0 12]
-6.601388,0,1FUF,[-3  3  6]
-10.653585,0,1FUF,[12 -6 -3]
-17.392445,0,1FUF,[ 0 15 18]
-53.386024,0,1FUF,[-3 -9 -3]
-9.695974,0,1FUF,[-15   9  12]
-9.844088,0,1FUF,[12 -6 24]
-25.665165,0,1FUF,[21  6  3]
-13.543572,0,1FUF,[-18   3  27]
-6.2127204,0,1FUF,[ 3 -6 15]
-16.847816,0,1FUF,[-6 18  3]
-13.619631,0,1FUF,[21 -9 15]
-9.136261,0,1FUF,[-9  3  0]
-7.3178954,0,1FUF,[12  3 18]
-11.358344,0,1FUF,[-6 15  3]
-5.7447853,0,1FUF,[-9  6  3]
-8.445466,0,1FUF,[ 3 -3 -3]
-10.191805,0,1FUF,[-12   9  24]
-7.6193066,0,1FUF,[12  6  6]
-10.747904,0,1FUF,[-18  -9  12]
-8.042247,0,1FUF,[ 12 -12  12]
-11.418944,0,1FUF,[ 9 -9 24]
-11.128426,0,1FUF,[-12  15   9]
-20.834969,0,1FUF,[-15   9  27]
-11.985609,0,1FUF,[ 0 -9 24]
-11.747936,0,1FUF,[-3 15 21]
-8.163347,0,1FUF,[ 6  6 21]
-7.032709,0,1FUF,[-3 -6  3]
-9.455092,0,1FUF,[-3 -3 24]
-7.49713,0,1FUF,[-6  9 21]
-7.6287947,0,1FUF,[-18  -3  15]
-6.077571,0,1FUF,[-9  6  6]
-8.42908,0,1FUF,[-12   6  21]
-25.389065,0,1FUF,[18  0 -3]
-5.3642507,0,1FUF,[-3  3  9]
-10.182313,0,1FUF,[  3 -15  18]
-5.5574336,0,1FUF,[-3  6 12]
-7.6424756,0,1FUF,[ 9  6 18]
-10.364618,0,1FUF,[-15 -12  12]
-6.031554,0,1FUF,[ 6  0 12]
-6.4506044,0,1FUF,[ 0  0 21]
-30.912403,0,1FUF,[-3 18 12]
-7.3881197,0,1FUF,[3 9 6]
-6.107526,0,1FUF,[-6  0 21]
-31.219189,0,1FUF,[-24  -3  24]
-7.828987,0,1FUF,[ 3 12 15]
-6.78925,0,1FUF,[-3  0  3]
-28.701086,0,1FUF,[-21  -6   9]
-8.395325,0,1FUF,[-6 12  6]
-8.659191,0,1FUF,[15  6 15]
-6.6882296,0,1FUF,[ 6 -3 21]
-6.0293264,0,1FUF,[-3  0  6]
-30.912403,0,1FUF,[-18 -12   9]
-53.386024,0,1FUF,[12  3 27]
-36.816704,0,1FUF,[ 12 -12   9]
-6.4452915,0,1FUF,[0 6 9]
-21.200474,0,1FUF,[-3 18  3]
-9.256184,0,1FUF,[-15  12  18]
-36.878708,0,1FUF,[18  9 18]
-19.206528,0,1FUF,[21  9  6]
-52.29252,0,1FUF,[27  6  6]
-25.42789,0,1FUF,[18 -9 24]
-36.878708,0,1FUF,[ 0  6 -6]
-12.111071,0,1FUF,[-15   3   9]
-7.659462,0,1FUF,[12  0 21]
-52.29252,0,1FUF,[-9 15 -3]
-8.385601,0,1FUF,[ 3 12  6]
-11.475233,0,1FUF,[18 -9 15]
-10.010979,0,1FUF,[-15   6  24]
-12.355129,0,1FUF,[21 -3  6]
-37.400894,0,1FUF,[ -3 -18  15]
-9.351801,0,1FUF,[-6 12  3]
-15.587719,0,1FUF,[-18   6  27]
-14.507752,0,1FUF,[-3 -9 24]
-7.9107223,0,1FUF,[15 -3  3]
-16.29568,0,1FUF,[12 12 12]
-17.998503,0,1FUF,[-15  -3  27]
-4.618913,0,1FUF,[ 3  0 15]
-7.99796,0,1FUF,[-15   3  15]
-16.304129,0,1FUF,[ 12 -15  12]
-10.601063,0,1FUF,[15  0 -3]
-7.8650727,0,1FUF,[3 3 0]
-53.386024,0,1FUF,[27 -3 15]
-29.275185,0,1FUF,[-18  12  24]
-6.5158277,0,1FUF,[ 9 -9  6]
-9.831683,0,1FUF,[21  0 12]
-53.386024,0,1FUF,[12 12  3]
-7.567217,0,1FUF,[15  0  9]
-24.064987,0,1FUF,[ 6  0 -6]
-6.382349,0,1FUF,[0 3 0]
-6.3667536,0,1FUF,[ 6 -9 21]
-6.980297,0,1FUF,[9 0 3]
-30.912403,0,1FUF,[-12   0  -3]
-9.849444,0,1FUF,[ 6  0 -3]
-25.816048,0,1FUF,[ 0 12 24]
-8.136668,0,1FUF,[  6 -12  21]
-36.74037,0,1FUF,[6 9 0]
-5.9193573,0,1FUF,[ 3 -6  9]
-6.4099464,0,1FUF,[ 0 -3  6]
-52.29252,0,1FUF,[-21 -12   9]
-6.31186,0,1FUF,[ 9  0 18]
-7.053741,0,1FUF,[15 -3  6]
-6.5453663,0,1FUF,[-12  -3  12]
-10.210875,0,1FUF,[-9 15  6]
-6.514042,0,1FUF,[0 0 3]
-7.577163,0,1FUF,[  3 -12  18]
-20.405588,0,1FUF,[  3 -12  24]
-7.1077766,0,1FUF,[-6 -9 12]
-53.386024,0,1FUF,[  0 -12  -3]
-15.620911,0,1FUF,[12  9  0]
-36.01137,0,1FUF,[ 12 -12   3]
-11.319885,0,1FUF,[ 9  9 21]
-9.289496,0,1FUF,[ 0 12 18]
-5.2236414,0,1FUF,[12 -3  9]
-5.22863,0,1FUF,[ 9 -6  6]
-6.4829693,0,1FUF,[12  0  6]
-12.513571,0,1FUF,[ 6 12  6]
-11.457158,0,1FUF,[ 12 -12  21]
-7.486912,0,1FUF,[15 -3 18]
-7.3005238,0,1FUF,[12 -3 18]
-5.7643642,0,1FUF,[ 0  0 18]
-18.664803,0,1FUF,[ -3 -15   3]
-53.386024,0,1FUF,[ -3 -15  21]
-52.29252,0,1FUF,[  6 -21  15]
-14.744087,0,1FUF,[ -6 -15   9]
-52.29252,0,1FUF,[27  6  9]
-7.4843063,0,1FUF,[-9  0  3]
-6.7790685,0,1FUF,[ 9 -3  3]
-12.014717,0,1FUF,[15 -6  3]
-8.544413,0,1FUF,[-9 -6 21]
-7.2812457,0,1FUF,[15  0 15]
-6.712794,0,1FUF,[6 0 0]
-53.386024,0,1FUF,[-24   6  24]
-53.386024,0,1FUF,[18  3 24]
-6.5080004,0,1FUF,[-3  3  3]
-8.142059,0,1FUF,[18 -3 15]
-37.75644,0,1FUF,[-12  18   3]
-12.118137,0,1FUF,[-3 -3 27]
-7.534922,0,1FUF,[-15  -3  12]
-23.051369,0,1FUF,[-15  12  24]
-10.71216,0,1FUF,[ 12 -15  18]
-8.192675,0,1FUF,[ 0 -6 21]
-7.4696317,0,1FUF,[15  3 15]
-16.764786,0,1FUF,[-6 18 18]
-10.689021,0,1FUF,[-6  6 -3]
-24.068872,0,1FUF,[27  3 12]
-10.515669,0,1FUF,[21  3  6]
-7.961605,0,1FUF,[ 6 -9  3]
-5.627697,0,1FUF,[ 6  3 15]
-9.242868,0,1FUF,[  6 -12   6]
-7.6715603,0,1FUF,[ 3 -6  0]
-24.092745,0,1FUF,[24  9  9]
-13.341221,0,1FUF,[  6 -18  18]
-18.17012,0,1FUF,[ 3 15 12]
-8.186607,0,1FUF,[18  3  9]
-22.088219,0,1FUF,[-3 -6 27]
-9.587593,0,1FUF,[-12  15  15]
-52.29252,0,1FUF,[-15   0  -3]
-7.6765337,0,1FUF,[3 6 3]
-10.884338,0,1FUF,[-15   0  24]
-9.66923,0,1FUF,[18  3 18]
-7.5467424,0,1FUF,[-3 -9 18]
-6.827864,0,1FUF,[-9 12 12]
-8.331457,0,1FUF,[12  0  0]
-12.621838,0,1FUF,[-9 12 24]
-11.893703,0,1FUF,[-15  -3  24]
-5.434974,0,1FUF,[  6 -12   9]
-6.1622353,0,1FUF,[0 3 3]
-6.182106,0,1FUF,[-3 -3 18]
-9.851849,0,1FUF,[-3 -9  0]
-8.256813,0,1FUF,[15  3 18]
-7.811546,0,1FUF,[-6 -9 18]
-8.94594,0,1FUF,[12 -6 21]
-7.4742327,0,1FUF,[ -6 -12  12]
-27.10493,0,1FUF,[-6  9 27]
-23.544481,0,1FUF,[9 9 0]
-36.01137,0,1FUF,[27  0  9]
-7.359594,0,1FUF,[ 9 -9 18]
-27.870796,0,1FUF,[-15   3   6]
-29.430595,0,1FUF,[  3 -15  24]
-5.919311,0,1FUF,[12 -6  6]
-13.6044235,0,1FUF,[24  3 12]
-8.365848,0,1FUF,[-3 15 12]
-9.853524,0,1FUF,[-18   0  18]
-11.277087,0,1FUF,[-21   3  21]
-35.28237,0,1FUF,[ 3 12 21]
-6.24942,0,1FUF,[ 0 12 15]
-7.153638,0,1FUF,[-3 12  6]
-17.4889,0,1FUF,[15  9  3]
-12.844028,0,1FUF,[-15  -9  18]
-6.4297585,0,1FUF,[-9  9  9]
-5.0522375,0,1FUF,[-3  0 12]
-27.378616,0,1FUF,[-21  -3  27]
-6.6894903,0,1FUF,[ 9 -6  3]
-10.111004,0,1FUF,[-3 -3 -3]
-13.92103,0,1FUF,[12  6 -3]
-6.947509,0,1FUF,[-15  -3   6]
-17.392445,0,1FUF,[-15  -6   0]
-19.784319,0,1FUF,[-18  12  21]
-7.1019316,0,1FUF,[6 6 3]
-12.243352,0,1FUF,[ 15 -12  15]
-5.149794,0,1FUF,[-3  0  9]
-5.776317,0,1FUF,[ 6 -6 12]
-15.287489,0,1FUF,[-21   0  15]
-8.822787,0,1FUF,[-12  -9   6]
-4.9719367,0,1FUF,[ 0  6 15]
-18.694931,0,1FUF,[12 -6 27]
-14.603935,0,1FUF,[ -6 -12  18]
-5.312914,0,1FUF,[ 6 -6  9]
-11.380941,0,1FUF,[-12   3   0]
-16.254711,0,1FUF,[9 9 3]
-11.297384,0,1FUF,[15 -6  6]
-5.1526036,0,1FUF,[ 3  6 15]
-14.240196,0,1FUF,[ 9 -3 -6]
-10.726427,0,1FUF,[21 -6 12]
-52.29252,0,1FUF,[-15  15   3]
-8.547976,0,1FUF,[ 0 -3 24]
-6.3811417,0,1FUF,[ 3 -3 18]
-27.10493,0,1FUF,[-6  0 -6]
-6.8263626,0,1FUF,[-3  3 21]
-13.99566,0,1FUF,[-6 18  6]
-12.044878,0,1FUF,[12  3 24]
-9.513653,0,1FUF,[ 6  3 24]
-52.29252,0,1FUF,[ 3  3 27]
-35.282368,0,1FUF,[-12   6   0]
-8.87009,0,1FUF,[  6 -12   0]
-13.498737,0,1FUF,[-18  -6  21]
-9.537119,0,1FUF,[12  3  0]
-11.93432,0,1FUF,[24  3  9]
-11.867706,0,1FUF,[-18  -6  15]
-7.5532255,0,1FUF,[-9 -6  6]
-6.5360355,0,1FUF,[ 6 -3  3]
-53.386024,0,1FUF,[15  9 18]
-10.79926,0,1FUF,[15 -3 24]
-5.219018,0,1FUF,[ 3 -3 12]
-53.386024,0,1FUF,[15 12  6]
-52.29252,0,1FUF,[15 -3 -6]
-14.204449,0,1FUF,[24 -3 12]
-7.393386,0,1FUF,[12  0  3]
-11.992874,0,1FUF,[  0 -15   3]
-10.548048,0,1FUF,[ 9 12 12]
-7.8223863,0,1FUF,[-9 -9 15]
-8.316193,0,1FUF,[ 3 12 12]
-16.089422,0,1FUF,[-15  -3   0]
-7.6656384,0,1FUF,[-9  9 21]
-4.8255997,0,1FUF,[-6  3 12]
-6.364196,0,1FUF,[-6 -6 15]
-7.0856724,0,1FUF,[-12   6  15]
-15.515962,0,1FUF,[ 9  0 27]
-8.43014,0,1FUF,[18 -6 18]
-7.71756,0,1FUF,[ 6 -9 18]
-29.430595,0,1FUF,[  3 -18  21]
-14.285387,0,1FUF,[24  6 15]
-36.74037,0,1FUF,[ 3 15  3]
-11.476043,0,1FUF,[-21   0  21]
-8.287201,0,1FUF,[ 9  3 21]
-6.2319684,0,1FUF,[ 0  6 18]
-7.0367208,0,1FUF,[ 0 -3  3]
-5.5245523,0,1FUF,[6 3 9]
-53.386024,0,1FUF,[ -3 -18   6]
-16.179825,0,1FUF,[21  6  6]
-15.669381,0,1FUF,[-9 18  6]
-21.93636,0,1FUF,[15  6 -3]
-36.74037,0,1FUF,[ 6 12  3]
-53.386024,0,1FUF,[-21   9  27]
-6.235524,0,1FUF,[ 0 12 12]
-52.29252,0,1FUF,[ 3 -6 27]
-6.647876,0,1FUF,[-9  6 15]
-6.7818937,0,1FUF,[-6  6  9]
-6.4164114,0,1FUF,[0 0 6]
-24.064987,0,1FUF,[ 3  9 -3]
-24.614237,0,1FUF,[-21   9  21]
-26.777294,0,1FUF,[ 3  9 24]
-5.918581,0,1FUF,[ 9  3 12]
-36.01137,0,1FUF,[-24  -3  18]
-14.750555,0,1FUF,[-3 12 24]
-28.280977,0,1FUF,[-6 15 24]
-8.872196,0,1FUF,[-15  -9   9]
-8.683526,0,1FUF,[12 -9 21]
-5.3116403,0,1FUF,[-9  3 15]
-7.1375446,0,1FUF,[ 6  6 18]
-28.701088,0,1FUF,[12 -9 -3]
-10.682638,0,1FUF,[-12 -12   6]
-8.304819,0,1FUF,[15 -3  0]
-10.4025,0,1FUF,[12  0 24]
-6.494434,0,1FUF,[-9  0 21]
-7.8828535,0,1FUF,[3 9 3]
-9.724134,0,1FUF,[ 0  6 24]
-52.29252,0,1FUF,[  3 -21  15]
-5.0624285,0,1FUF,[ 0  0 15]
-6.407553,0,1FUF,[9 0 6]
-5.2791443,0,1FUF,[ 6 -3 12]
-36.878708,0,1FUF,[-9  0 27]
-52.29252,0,1FUF,[-24   0  27]
-8.247036,0,1FUF,[15  0 18]
-13.49036,0,1FUF,[ 3 15  9]
-52.29252,0,1FUF,[-21  -6   6]
-11.090204,0,1FUF,[21 -6 15]
-36.01137,0,1FUF,[-21  -3   9]
-37.88389,0,1FUF,[-24   6  21]
-6.582239,0,1FUF,[ 6 -9 15]
-8.761042,0,1FUF,[-9 -6  0]
-9.3364525,0,1FUF,[12 -3 24]
-6.8569655,0,1FUF,[ 3  9 18]
-15.26516,0,1FUF,[18 -3  3]
-7.1046443,0,1FUF,[ 3 -9 21]
-52.29252,0,1FUF,[-21  -6  27]
-6.876428,0,1FUF,[ 3 -6 18]
-9.536302,0,1FUF,[  6 -15  15]
-10.723552,0,1FUF,[-18  -3   9]
-35.82373,0,1FUF,[-21   3  12]
-15.505938,0,1FUF,[24  6  9]
-16.341488,0,1FUF,[ -6 -15  12]
-52.90538,0,1FUF,[-15  18   9]
-9.580932,0,1FUF,[ 9  0 24]
-9.359621,0,1FUF,[-15  12  15]
-14.744087,0,1FUF,[-12  18  15]
-18.86353,0,1FUF,[  9 -18  12]
-14.624915,0,1FUF,[18 -9 21]
-5.9079323,0,1FUF,[-15   0  12]
-53.386024,0,1FUF,[-12  18  21]
-7.490351,0,1FUF,[-3 -3  0]
-12.022249,0,1FUF,[-9 12  0]
-23.190504,0,1FUF,[  3 -12  -3]
-36.01137,0,1FUF,[24  0  3]
-10.023638,0,1FUF,[-12 -12   9]
-53.386024,0,1FUF,[-6 -3 -6]
-9.96526,0,1FUF,[  0 -15   6]
-6.3503284,0,1FUF,[ 3 -3  6]
-53.386024,0,1FUF,[ 3  0 -6]
-17.4889,0,1FUF,[21  6 18]
-6.823412,0,1FUF,[3 3 3]
-6.137047,0,1FUF,[-9  0 18]
-31.219189,0,1FUF,[-21  -6  24]
-5.900377,0,1FUF,[ 6 -6 15]
-6.9025793,0,1FUF,[ 6 -9 12]
-6.636815,0,1FUF,[ 3  9 15]
-10.129055,0,1FUF,[-18  -3  12]
-12.431925,0,1FUF,[-9 -3 -3]
-53.386024,0,1FUF,[ -9 -15   6]
-29.430595,0,1FUF,[-6 18  0]
-17.13206,0,1FUF,[-12  15   3]
-10.448926,0,1FUF,[-3  0 -3]
-9.155676,0,1FUF,[-6 -3 24]
-11.929094,0,1FUF,[15  9 12]
-18.527477,0,1FUF,[ 0 -9 -3]
-9.874098,0,1FUF,[-9 15 18]
-18.531279,0,1FUF,[-21  -3  18]
-14.237152,0,1FUF,[ 18 -12  18]
-28.905848,0,1FUF,[-18  15  12]
-7.492064,0,1FUF,[ 0  3 21]
-14.395369,0,1FUF,[12  9 21]
-11.615324,0,1FUF,[ 9 -9 -3]
-5.995911,0,1FUF,[12 -6  3]
-18.694931,0,1FUF,[  3 -15   0]
-9.28863,0,1FUF,[-3  3 -3]
-6.8254523,0,1FUF,[ 0 -9 15]
-11.814142,0,1FUF,[ 0 12 21]
-7.5284104,0,1FUF,[-15   0  18]
-7.5583067,0,1FUF,[-3  6  0]
-5.8626275,0,1FUF,[ 0  9 18]
-35.69094,0,1FUF,[ 0 15 21]
-26.409868,0,1FUF,[-9 -6 24]
-6.7895885,0,1FUF,[-12  -3  15]
-8.095913,0,1FUF,[ 12 -12  15]
-10.736212,0,1FUF,[15 -6 24]
-6.8901224,0,1FUF,[12  6 12]
-9.253102,0,1FUF,[ 3 -6 -3]
-37.184433,0,1FUF,[ 3 -3 27]
-13.38843,0,1FUF,[15  9 15]
-24.302795,0,1FUF,[ -6 -15   6]
-7.0362854,0,1FUF,[0 9 9]
-27.324047,0,1FUF,[  9 -15   6]
-6.1436243,0,1FUF,[-3 -6 12]
-53.386024,0,1FUF,[21  9 18]
-9.589897,0,1FUF,[ 0  0 -3]
-6.6619534,0,1FUF,[ 3 -6  3]
-6.2327194,0,1FUF,[ 9  3 18]
-9.7951355,0,1FUF,[  9 -15  15]
-15.515962,0,1FUF,[-12  -9   0]
-9.121885,0,1FUF,[-3 15 18]
-7.9172316,0,1FUF,[-9 12 21]
-11.750965,0,1FUF,[-12 -12  15]
-10.888749,0,1FUF,[  6 -15  18]
-6.3404245,0,1FUF,[6 0 3]
-21.93636,0,1FUF,[24  9 12]
-16.216585,0,1FUF,[ 18 -12  15]
-6.3669796,0,1FUF,[3 3 6]
-9.978546,0,1FUF,[  9 -12  21]
-7.741201,0,1FUF,[ 9 -3  0]
-9.672651,0,1FUF,[12  6 21]
-7.003399,0,1FUF,[12 -3 15]
-8.350603,0,1FUF,[-15  -9   6]
-7.043916,0,1FUF,[3 0 0]
-25.219318,0,1FUF,[-21  -3  15]
-18.694931,0,1FUF,[-9 -6 -3]
-8.751663,0,1FUF,[-15  -6   6]
-11.125567,0,1FUF,[  6 -18  12]
-7.053323,0,1FUF,[  6 -12  15]
-6.083021,0,1FUF,[15  0  6]
-9.80809,0,1FUF,[-9 -9 18]
-30.912403,0,1FUF,[ 6  0 27]
-18.151104,0,1FUF,[-21  -6  12]
-7.1073556,0,1FUF,[-12   0   3]
-6.3838606,0,1FUF,[-12   6  12]
-11.304359,0,1FUF,[12  6  0]
-52.29252,0,1FUF,[ 6 -6 27]
-6.475691,0,1FUF,[ 3 -6  6]
-9.598564,0,1FUF,[-18   9  15]
-5.672945,0,1FUF,[ 6 -3 18]
-10.503849,0,1FUF,[-18  -9  15]
-10.0023155,0,1FUF,[18  6 12]
-7.989429,0,1FUF,[15  0 21]
-7.6490026,0,1FUF,[ 6  3 21]
-16.548504,0,1FUF,[  0 -15  21]
-8.214457,0,1FUF,[ -3 -12   6]
-11.43474,0,1FUF,[-18   0  27]
-37.400894,0,1FUF,[24  9 15]
-6.5887847,0,1FUF,[-6  6  3]
-6.4309673,0,1FUF,[15 -6 12]
-11.018528,0,1FUF,[-21   6  18]
-11.01404,0,1FUF,[-6  0 27]
-53.386024,0,1FUF,[-21  -9  18]
-11.115751,0,1FUF,[15  3  0]
-12.515648,0,1FUF,[ 9  6 24]
-7.4075723,0,1FUF,[-12   3  18]
-11.585059,0,1FUF,[-15   6   9]
-9.039274,0,1FUF,[ 6 -6 -3]
-8.574392,0,1FUF,[-6  9 24]
-10.772677,0,1FUF,[-12  15  12]
-53.386024,0,1FUF,[-6 -6 27]
-8.007601,0,1FUF,[-15   3  12]
-9.415201,0,1FUF,[15  0  0]
-9.294468,0,1FUF,[-12  -6   0]
-7.580127,0,1FUF,[-12   3  21]
-10.373087,0,1FUF,[3 9 0]
-7.434914,0,1FUF,[18  0  6]
-52.29252,0,1FUF,[ 3  6 27]
-31.219189,0,1FUF,[-24   0  18]
-9.787213,0,1FUF,[-12   0  24]
-5.0273786,0,1FUF,[-6  6 12]
-8.353927,0,1FUF,[-12  12  18]
-11.950045,0,1FUF,[-18  12  15]
-7.0719295,0,1FUF,[12  6  9]
-12.2801075,0,1FUF,[12 -3 27]
-5.4035068,0,1FUF,[-6  3  9]
-7.796234,0,1FUF,[-3 -9  3]
-9.449241,0,1FUF,[-3 -6 24]
-10.101937,0,1FUF,[-15  -6   3]
-12.245262,0,1FUF,[21  0 18]
-6.550887,0,1FUF,[ 6 -6  3]
-13.17376,0,1FUF,[15 -3 -3]
-7.2313995,0,1FUF,[-6 -3 21]
-16.866756,0,1FUF,[-24   3  21]
-13.740347,0,1FUF,[-15 -12   6]
-9.202866,0,1FUF,[ 3  0 -3]
-10.605794,0,1FUF,[18 -9 12]
-24.609608,0,1FUF,[-15  18  12]
-11.985609,0,1FUF,[ 0  9 24]
-10.676708,0,1FUF,[ 3  3 -3]
-18.151104,0,1FUF,[18 -3  0]
-8.926514,0,1FUF,[ -3 -12  18]
-17.998404,0,1FUF,[ -6 -15  15]
-7.349667,0,1FUF,[15  6 12]
-6.426012,0,1FUF,[9 3 6]
-28.28098,0,1FUF,[ 9  3 -6]
-7.5281973,0,1FUF,[ -3 -12  12]
-15.151957,0,1FUF,[ 0 15 15]
-9.916786,0,1FUF,[12  3 21]
-7.4492745,0,1FUF,[ 6 -3 24]
-36.74037,0,1FUF,[15 -9  3]
-7.1876373,0,1FUF,[12 -6  9]
-10.286428,0,1FUF,[-18   6  18]
-6.955411,0,1FUF,[  9 -12  12]
-6.7804303,0,1FUF,[ 6 -3  0]
-14.884918,0,1FUF,[-12  18  12]
-7.802823,0,1FUF,[0 6 0]
-8.842063,0,1FUF,[  9 -12  18]
-36.01137,0,1FUF,[15 -9  0]
-21.28077,0,1FUF,[  9 -18  21]
-34.976048,0,1FUF,[-21   6  12]
-8.065161,0,1FUF,[-18   6  15]
-21.28077,0,1FUF,[-12  12   0]
-10.315137,0,1FUF,[21  3 12]
-7.662721,0,1FUF,[12 -6  0]
-9.47604,0,1FUF,[ 0 12  3]
-30.912403,0,1FUF,[  6 -15   0]
-19.803843,0,1FUF,[ 15 -12  24]
-10.609606,0,1FUF,[-9 12  3]
-53.386024,0,1FUF,[27  6 15]
-14.943708,0,1FUF,[ -3 -15  18]
-6.6058426,0,1FUF,[-6  9  6]
-13.99566,0,1FUF,[  9 -18  18]
-9.294468,0,1FUF,[ 6 -9 -3]
-9.49262,0,1FUF,[-12  15  18]
-25.665165,0,1FUF,[-21  -6  18]
-35.282368,0,1FUF,[  9 -12  -3]
-12.465806,0,1FUF,[ -3 -12  21]
-29.034863,0,1FUF,[ 6  6 -3]
-22.088219,0,1FUF,[ 6 15 12]
-11.280776,0,1FUF,[-15   9   9]
-37.184433,0,1FUF,[  9 -15   3]
-20.834969,0,1FUF,[24  0 18]
-19.206528,0,1FUF,[-21  -3  24]
-6.7098217,0,1FUF,[-6 -9 15]
-8.128351,0,1FUF,[ 3 12  9]
-14.335215,0,1FUF,[18  9  6]
-29.275185,0,1FUF,[21  3 21]
-14.417924,0,1FUF,[18  9  9]
-7.688117,0,1FUF,[-15   6  12]
-9.619651,0,1FUF,[ -9 -12  12]
-13.564308,0,1FUF,[-9 18 18]
-10.420739,0,1FUF,[-18   0  12]
-6.471201,0,1FUF,[ 6 -6 21]
-8.830222,0,1FUF,[-12  12  15]
-15.128453,0,1FUF,[ 3  6 24]
-6.9677415,0,1FUF,[-3  6  6]
-10.073952,0,1FUF,[-15  12   9]
-52.29252,0,1FUF,[ 9 12 21]
-7.191366,0,1FUF,[-12  -3   9]
-53.386024,0,1FUF,[-6 12 27]
-12.729243,0,1FUF,[-18  -3  24]
-8.910468,0,1FUF,[18  3 12]
-11.07648,0,1FUF,[ 0  3 -3]
-8.572099,0,1FUF,[ 3 -9  0]
-13.99566,0,1FUF,[-12  12   3]
-52.29252,0,1FUF,[-21 -12  12]
-5.4315367,0,1FUF,[12 -3 12]
-6.0720124,0,1FUF,[6 3 6]
-28.701088,0,1FUF,[-15   3   3]
-5.341898,0,1FUF,[-12   0   6]
-37.184433,0,1FUF,[18 -3 -3]
-8.417696,0,1FUF,[-9 15 15]
-13.318293,0,1FUF,[-9 -9  0]
-6.6601214,0,1FUF,[ 6  0 18]
-7.8751917,0,1FUF,[ -6 -12  15]
-6.680773,0,1FUF,[ 3  9 12]
-9.692997,0,1FUF,[-6 -6  0]
-7.0859632,0,1FUF,[-6  3  3]
-52.29252,0,1FUF,[ 6 15 18]
-22.088219,0,1FUF,[-12 -12   3]
-13.16284,0,1FUF,[21  9 12]
-12.441934,0,1FUF,[-6 15  0]
-6.530761,0,1FUF,[12  3 12]
-7.474989,0,1FUF,[  9 -12  15]
-12.682017,0,1FUF,[12  9 18]
-7.302684,0,1FUF,[6 9 9]
-28.366184,0,1FUF,[18  3 -3]
-8.837223,0,1FUF,[18 -3  9]
-11.921109,0,1FUF,[-6 18  9]
-14.942369,0,1FUF,[-21   3  27]
-8.563287,0,1FUF,[0 9 3]
-7.213627,0,1FUF,[-12   9  12]
-6.08282,0,1FUF,[-6  0  6]
-52.29252,0,1FUF,[15  3 -6]
-14.347905,0,1FUF,[ 6  6 24]
-52.29252,0,1FUF,[-3 18  0]
-8.8317795,0,1FUF,[-6 -6 21]
-52.29252,0,1FUF,[15  0 -6]
-9.015863,0,1FUF,[-6 12 21]
-7.079465,0,1FUF,[-6  9  3]
-6.338043,0,1FUF,[-6  3  6]
-8.074656,0,1FUF,[  3 -15  12]
-11.546839,0,1FUF,[12  9  6]
-10.259966,0,1FUF,[21  0  6]
-8.297346,0,1FUF,[ 9 -6 -3]
-8.209083,0,1FUF,[  9 -15  12]
-13.111978,0,1FUF,[-15  15  15]
-6.0645323,0,1FUF,[-9  0 12]
-7.8983736,0,1FUF,[-9  9  6]
-19.808773,0,1FUF,[-18   9   9]
-5.998801,0,1FUF,[-6  6  6]
-9.941459,0,1FUF,[12 -9  9]
-9.916499,0,1FUF,[-3  6 -3]
-32.150066,0,1FUF,[-21   9  18]
-10.863815,0,1FUF,[-9 -3 24]
-7.575202,0,1FUF,[ 0 -3  0]
-12.682017,0,1FUF,[-6 -6 24]
-24.614237,0,1FUF,[-21   9  24]
-14.912823,0,1FUF,[18  6  3]
-8.553952,0,1FUF,[ 9  6 21]
-8.896193,0,1FUF,[18  0 18]
-21.444324,0,1FUF,[21 -9 18]
-6.7234755,0,1FUF,[-12   0  18]
-9.247774,0,1FUF,[-6  3 24]
-8.261606,0,1FUF,[-15   9  18]
-6.325038,0,1FUF,[-6  3 18]
-37.072,0,1FUF,[21 -9 12]
-7.5016007,0,1FUF,[-6 -6 18]
-25.816048,0,1FUF,[-12  -3  -3]
-16.694553,0,1FUF,[ 9  6 -3]
-10.730347,0,1FUF,[ 3 12  3]
-13.664095,0,1FUF,[-12  -3  24]
-22.815487,0,1FUF,[ 3  0 27]
-7.546993,0,1FUF,[-9  3  3]
-22.229979,0,1FUF,[24  6 18]
-16.655392,0,1FUF,[ 15 -15  18]
-5.2908583,0,1FUF,[ 3  3 15]
-8.212793,0,1FUF,[-15   0  21]
-6.941426,0,1FUF,[-3 12  9]
-29.218964,0,1FUF,[ -3 -18  12]
-5.649539,0,1FUF,[0 3 6]
-13.259546,0,1FUF,[-18  12  12]
-10.426704,0,1FUF,[ -3 -12   3]
-20.468784,0,1FUF,[ -3 -18   9]
-8.844128,0,1FUF,[-9  9  0]
-52.29252,0,1FUF,[-15   3   0]
-12.086343,0,1FUF,[ 15 -12  18]
-9.881746,0,1FUF,[18  0  3]
-7.8524013,0,1FUF,[ 9  9 15]
-52.29252,0,1FUF,[ 12 -18  21]
-7.4179115,0,1FUF,[-9  6 21]
-15.162859,0,1FUF,[-18  -9  18]
-7.515767,0,1FUF,[9 6 6]
-5.2011557,0,1FUF,[ 9 -3 12]
-9.22785,0,1FUF,[-12  -3   0]
-5.8216314,0,1FUF,[3 6 6]
-24.614237,0,1FUF,[-18   9  27]
-9.116665,0,1FUF,[-3  6 24]
-5.9026403,0,1FUF,[6 6 9]
-15.408531,0,1FUF,[-18  -9   6]
-8.320629,0,1FUF,[-9 12  6]
-30.912403,0,1FUF,[ 6 15 15]
-18.531279,0,1FUF,[27  3  9]
-52.29252,0,1FUF,[ 3 15 18]
-37.75644,0,1FUF,[  6 -21  18]
-11.469962,0,1FUF,[-21   6  21]
-7.2676444,0,1FUF,[-12   9   6]
-5.800784,0,1FUF,[ 0 -6 18]
-26.883228,0,1FUF,[-12  -6  24]
-7.0350738,0,1FUF,[0 6 6]
-8.388118,0,1FUF,[-3 -9 21]
-28.125862,0,1FUF,[  3 -18   6]
-53.386024,0,1FUF,[-15  18  18]
-6.5285,0,1FUF,[ 9 -6 18]
-7.962042,0,1FUF,[ 6  9 18]
-12.825681,0,1FUF,[  3 -18  12]
-8.179306,0,1FUF,[-9  6  0]
-8.885731,0,1FUF,[-15  -3  21]
-52.29252,0,1FUF,[12 -6 -6]
-7.245076,0,1FUF,[-9 -3 21]
-6.4295006,0,1FUF,[3 0 6]
-5.368281,0,1FUF,[-9  0  9]
-53.386024,0,1FUF,[15 -6 27]
-13.469605,0,1FUF,[12 -9  0]
-5.247048,0,1FUF,[6 0 9]
-12.458007,0,1FUF,[15 -6  0]
-12.421699,0,1FUF,[18 -9 18]
-7.366394,0,1FUF,[-12  -3   6]
-53.386024,0,1FUF,[27 -3 12]
-9.318785,0,1FUF,[-3 12 21]
-53.386024,0,1FUF,[ 0 18  6]
-37.88389,0,1FUF,[27  0 12]
-37.400894,0,1FUF,[-6  3 -6]
-8.206486,0,1FUF,[15 -6 18]
-9.120398,0,1FUF,[  6 -15   9]
-20.984564,0,1FUF,[18  6  0]
-14.050917,0,1FUF,[ 3 -9 24]
-53.386024,0,1FUF,[-18  -9  21]
-6.202173,0,1FUF,[ 3 -6 12]
-21.93636,0,1FUF,[ 6 15  9]
-53.386024,0,1FUF,[ 0  0 -6]
-7.324404,0,1FUF,[ 9 -9  3]
-14.3061905,0,1FUF,[15 -9  9]
-53.386024,0,1FUF,[12 12  9]
-8.609754,0,1FUF,[  3 -12   3]
-12.0886,0,1FUF,[ 9  0 -6]
-13.530031,0,1FUF,[  6 -15   3]
-22.068508,0,1FUF,[-9  6 -3]
-13.96567,0,1FUF,[15  6 21]
-6.7579207,0,1FUF,[-9  3 18]
-6.794507,0,1FUF,[-3  9 18]
-8.871471,0,1FUF,[-15  -3   3]
-16.54947,0,1FUF,[  6 -12  24]
-9.799747,0,1FUF,[ 9  9 18]
-52.29252,0,1FUF,[-15 -15  12]
-9.15501,0,1FUF,[ 6 -9  0]
-6.9675198,0,1FUF,[12  3 15]
-6.851366,0,1FUF,[ 9 -3 18]
-21.547718,0,1FUF,[-24   0  21]
-11.819154,0,1FUF,[-9 18  9]
-5.9342694,0,1FUF,[-3  9 15]
-7.901809,0,1FUF,[-12  -9   9]
-15.359066,0,1FUF,[-3 18  6]
-20.629002,0,1FUF,[12 12 15]
-14.145094,0,1FUF,[-18   3  12]
-32.437183,0,1FUF,[-18   0   9]
-14.0483055,0,1FUF,[24  0 15]
-13.247265,0,1FUF,[-12   6   3]
-7.2131796,0,1FUF,[-12  -6  12]
-7.051692,0,1FUF,[ 0 -3 21]
-12.844479,0,1FUF,[-15   0  27]
-6.592611,0,1FUF,[ 6  6 12]
-11.666973,0,1FUF,[-6 15 21]
-22.181501,0,1FUF,[12  6 24]
-7.940827,0,1FUF,[  9 -12   9]
-6.3073883,0,1FUF,[0 9 6]
-21.547718,0,1FUF,[24  0  6]
-14.250408,0,1FUF,[-9 18 15]
-7.063342,0,1FUF,[9 3 3]
-8.159644,0,1FUF,[15  3 21]
-7.562151,0,1FUF,[ 0  3 24]
-7.973647,0,1FUF,[-15   3  18]
-9.96526,0,1FUF,[-6  3 -3]
-15.299925,0,1FUF,[-21   3  15]
-5.439581,0,1FUF,[ 3  3 12]
-6.127684,0,1FUF,[  3 -12  15]
-6.388262,0,1FUF,[-3  0 15]
-36.01137,0,1FUF,[18 -6  3]
-10.161994,0,1FUF,[ 6 12  9]
-7.3918695,0,1FUF,[  0 -12  15]
-6.7346077,0,1FUF,[-6  9  9]
-12.953718,0,1FUF,[ 15 -12  12]
-52.29252,0,1FUF,[ 6 -9 -6]
-14.090873,0,1FUF,[18  9 12]
-5.746587,0,1FUF,[ 0  9 15]
-9.770636,0,1FUF,[ 3  9 21]
-10.537268,0,1FUF,[-21   3  18]
-6.0721264,0,1FUF,[ 3 -9  9]
-11.136761,0,1FUF,[-12  -6  21]
-6.2164116,0,1FUF,[-9  6 18]
-9.039117,0,1FUF,[  0 -15  12]
-4.9285975,0,1FUF,[ 6 -3 15]
-6.3582134,0,1FUF,[ 0 -9 12]
-8.472774,0,1FUF,[-3  9 21]
-14.823666,0,1FUF,[18  3  0]
-8.318801,0,1FUF,[18  0 15]
-13.99566,0,1FUF,[  9 -18  15]
-5.705034,0,1FUF,[ 0 -3 12]
-7.3832974,0,1FUF,[15  3  9]
-10.484888,0,1FUF,[18  3  3]
-8.233036,0,1FUF,[-12  -6   3]
-6.0747066,0,1FUF,[-3 -3 15]
-11.448879,0,1FUF,[-6 -3 -3]
-12.615821,0,1FUF,[ 0  9 -3]
-6.424518,0,1FUF,[-6  6 15]
-10.315137,0,1FUF,[-18   3  21]
-7.784099,0,1FUF,[-9  9 18]
-14.175238,0,1FUF,[ 6 -3 -6]
-6.3804646,0,1FUF,[ 3 -9 15]
-8.324288,0,1FUF,[18 -6 12]
-31.219189,0,1FUF,[-24  -3  21]
-13.86158,0,1FUF,[ -6 -12   3]
-13.259185,0,1FUF,[ 9 12 18]
-52.29252,0,1FUF,[ 9 -9 -6]
-6.883847,0,1FUF,[ 0 -9  6]
-11.6480465,0,1FUF,[15  0 24]
-9.296135,0,1FUF,[-12  -9  15]
-13.170258,0,1FUF,[18  3 21]
-19.206528,0,1FUF,[-18  -6  24]
-21.323694,0,1FUF,[-9 -9 21]
-7.0367737,0,1FUF,[3 9 9]
-7.398712,0,1FUF,[ 3  0 24]
-10.838627,0,1FUF,[ -3 -15  12]
-6.8777747,0,1FUF,[3 0 3]
-7.900846,0,1FUF,[-15   9  15]
-7.1299286,0,1FUF,[ 9  0 21]
-53.386024,0,1FUF,[24 -3  6]
-9.421391,0,1FUF,[12  6  3]
-20.834969,0,1FUF,[24  3 18]
-8.909662,0,1FUF,[9 9 9]
-16.645044,0,1FUF,[ 0  3 27]
-7.0914,0,1FUF,[ 9  9 12]
-8.17263,0,1FUF,[-9  9  3]
-7.2324963,0,1FUF,[-6 -3  3]
-6.231557,0,1FUF,[ 6 -6 18]
-12.682016,0,1FUF,[-6 12 24]
-6.4752398,0,1FUF,[-9 -3 18]
-9.71554,0,1FUF,[  9 -12   6]
-52.29252,0,1FUF,[ 6  9 24]
-4.765875,0,1FUF,[ 3  3 18]
-19.651157,0,1FUF,[-15  12   6]
-53.386024,0,1FUF,[ 0 18  3]
-8.61578,0,1FUF,[ 6 -6 24]
-24.000706,0,1FUF,[-3  3 -6]
-15.039541,0,1FUF,[15  9  6]
-7.1227484,0,1FUF,[ 3 -9  3]
-8.87183,0,1FUF,[18 -3 12]
-53.386024,0,1FUF,[18  6 21]
-52.29252,0,1FUF,[21 12  9]
-7.40638,0,1FUF,[ 9 -3 21]
-10.601719,0,1FUF,[-6  0 -3]
-7.926357,0,1FUF,[-15  -6   9]
-5.7845297,0,1FUF,[-9  6  9]
-52.29252,0,1FUF,[ 6  3 27]
-7.553562,0,1FUF,[-6 -6  3]
-9.414616,0,1FUF,[-12  -9   3]
-29.430595,0,1FUF,[ 12 -18  18]
-11.802572,0,1FUF,[-3 12  0]
-10.237776,0,1FUF,[ 3 -9 -3]
-17.304684,0,1FUF,[12  0 27]
-5.9564843,0,1FUF,[ 0 -3 15]
-9.537192,0,1FUF,[-9 -3  0]
-37.400894,0,1FUF,[-6 -9 24]
-7.451705,0,1FUF,[12 -3  0]
-7.272369,0,1FUF,[ 0  9 21]
-19.48477,0,1FUF,[ 6 -6 -6]
-15.210006,0,1FUF,[-12 -12  18]
-9.414457,0,1FUF,[-9 -9  3]
-19.784319,0,1FUF,[21  0 21]
-7.1343517,0,1FUF,[-18   0  15]
-8.338143,0,1FUF,[9 9 6]
-12.558584,0,1FUF,[-18   0  24]
-7.416031,0,1FUF,[-3 -9  6]
-12.603105,0,1FUF,[18  6 18]
-6.928691,0,1FUF,[12  0 18]
-8.0215225,0,1FUF,[  0 -12  18]
-35.69094,0,1FUF,[ 9  3 27]
-53.50052,0,1FUF,[ 15 -12   9]
-9.149913,0,1FUF,[-3 12  3]
-53.386024,0,1FUF,[-12 -15  15]
-8.748053,0,1FUF,[ 3 -3 24]
-10.653585,0,1FUF,[  6 -15   6]
-8.069633,0,1FUF,[3 6 0]
-5.844577,0,1FUF,[-6  0 15]
-14.201845,0,1FUF,[-12   3  27]
-10.653585,0,1FUF,[ 6 12 18]
-13.105052,0,1FUF,[-3  6 27]
-17.67772,0,1FUF,[-21  -6  15]
-9.364651,0,1FUF,[-15 -12   9]
-5.670262,0,1FUF,[3 3 9]
-6.3269525,0,1FUF,[-6 -3 18]
-30.20409,0,1FUF,[-3 18  9]
-6.467124,0,1FUF,[-9 -6  9]
-9.566549,0,1FUF,[-3  3 24]
-6.054929,0,1FUF,[-12  -3  18]
-8.950765,0,1FUF,[-9  3 24]
-23.627586,0,1FUF,[ 15 -15  21]
-16.866756,0,1FUF,[24 -3  9]
-11.6584,0,1FUF,[ 9 12 15]
-5.909217,0,1FUF,[-9  0 15]
-9.610663,0,1FUF,[0 9 0]
-6.885297,0,1FUF,[12  3  9]
-52.29252,0,1FUF,[  0 -18  21]
-10.789996,0,1FUF,[21  0  9]
-6.4726367,0,1FUF,[-6  6 21]
-4.66693,0,1FUF,[-3  3 12]
-52.29252,0,1FUF,[-15  12   3]
-10.731899,0,1FUF,[ 0 15  9]
-5.601224,0,1FUF,[-6  9 12]
-5.669099,0,1FUF,[-3 -6 15]
-10.06983,0,1FUF,[9 6 0]
-9.844951,0,1FUF,[21  3 15]
-8.968047,0,1FUF,[-18  -6   9]
-9.779058,0,1FUF,[  3 -15   6]
-7.8186216,0,1FUF,[ 9 -9 21]
-7.1799045,0,1FUF,[-12   9  18]
-14.960443,0,1FUF,[-6 -6 -3]
-15.267163,0,1FUF,[-15  -6  24]
-9.301397,0,1FUF,[12 -3 -3]
-6.940591,0,1FUF,[ 3 -3  3]
-7.763944,0,1FUF,[-6  0  0]
-8.92096,0,1FUF,[15 -9 15]
-15.640454,0,1FUF,[  0 -18  12]
-7.202911,0,1FUF,[9 6 9]
-8.178291,0,1FUF,[18  3 15]
-5.374111,0,1FUF,[ 3 -3  9]
-6.683426,0,1FUF,[-3  6  3]
-27.819435,0,1FUF,[  6 -12  -3]
-22.068508,0,1FUF,[ 9 -6 -6]
-8.426846,0,1FUF,[-3 -6  0]
-8.7195015,0,1FUF,[ 0 -9  0]
-8.839839,0,1FUF,[-15  -6  12]
-9.802007,0,1FUF,[15 -9 21]
-9.849262,0,1FUF,[-15  -9  12]
-53.386024,0,1FUF,[-12  -9  24]
-36.67189,0,1FUF,[-3 18 18]
-9.136633,0,1FUF,[12  9  9]
-5.186571,0,1FUF,[-3  3 15]
-14.309775,0,1FUF,[ 12 -15  21]
-9.4368515,0,1FUF,[ 12 -12  18]
-20.79078,0,1FUF,[ 3 12  0]
-13.6044235,0,1FUF,[21  6  9]
-6.7126436,0,1FUF,[-12   6   9]
-12.844028,0,1FUF,[15  6  0]
-53.386024,0,1FUF,[ 0 -3 -6]
-28.728434,0,1FUF,[-24   3  24]
-5.316914,0,1FUF,[ 0  3 18]
-7.3735476,0,1FUF,[-12  -6   9]
-9.588673,0,1FUF,[  0 -15   9]
-22.753103,0,1FUF,[ 6 -3 27]
-20.200542,0,1FUF,[18 -3 24]
-9.064572,0,1FUF,[15  6 18]
-7.268927,0,1FUF,[-3  9  3]
-19.727161,0,1FUF,[ 18 -12  21]
-5.747758,1,1FUF,[ 9 -6 12]
-24.172031,0,1FUF,[18  0 24]
-9.163678,0,1FUF,[ 3  3 24]
-53.386024,0,1FUF,[ 6 12  0]
-7.305205,0,1FUF,[-15  -3   9]
-6.38018,0,1FUF,[-6 -3  6]
-9.212626,0,1FUF,[-21   0  18]
-8.025179,0,1FUF,[6 6 0]
-11.192224,0,1FUF,[-9 15 21]
-53.386024,0,1FUF,[ -9 -15  12]
-11.034278,0,1FUF,[18  6  9]
-28.366184,0,1FUF,[-18 -12  15]
-14.433871,0,1FUF,[ 3  6 -3]
-5.904578,0,1FUF,[ 9  0 12]
-8.824299,0,1FUF,[15 -6 21]
-6.415596,0,1FUF,[  3 -12   9]
-53.386024,0,1FUF,[-9  9 27]
-36.878708,0,1FUF,[-3  6 -6]
-36.01137,0,1FUF,[27  6 12]
-53.386024,0,1FUF,[21 -3  3]
-9.22785,0,1FUF,[ 0 -6 24]
-53.386024,0,1FUF,[15 -9 27]
-27.870796,0,1FUF,[-18   0   6]
-5.5528727,0,1FUF,[-3 -3 12]
-8.196148,0,1FUF,[  3 -15  15]
-6.313116,0,1FUF,[-6 -3 12]
-7.8984346,0,1FUF,[-3 -6 21]
-8.08494,0,1FUF,[  0 -12   3]
-7.183936,0,1FUF,[-3 12 12]
-28.632847,0,1FUF,[-12  15   0]
-7.681364,0,1FUF,[-9 12  9]
-12.41148,0,1FUF,[  9 -12   3]
-12.1635275,0,1FUF,[  6 -18  15]
-36.01137,0,1FUF,[ 3 15  6]
-7.218253,0,1FUF,[-12   9  15]
-8.193064,0,1FUF,[-6 15 15]
-16.05273,0,1FUF,[-6  9 -3]
-53.386024,0,1FUF,[27  0 18]
-11.381361,0,1FUF,[-3  3 27]
-21.878296,0,1FUF,[ 18 -12  12]
-6.4061675,0,1FUF,[ 9 -6 15]
-6.8292055,0,1FUF,[-3 -6  6]
-10.115541,0,1FUF,[18 -3 21]
-11.9144535,0,1FUF,[-6 12  0]
-7.5905924,0,1FUF,[ 9 -6 21]
-53.386024,0,1FUF,[-12 -15  12]
-11.256151,0,1FUF,[-6 -9 21]
-53.386024,0,1FUF,[ -6 -15  18]
-31.219189,0,1FUF,[-21  -6  21]
-12.696987,0,1FUF,[ 0  0 27]
-53.386024,0,1FUF,[-9 18 21]
-14.882989,0,1FUF,[-6 -3 27]
-9.238168,0,1FUF,[-18  -3  21]
-22.068508,0,1FUF,[-18 -12  12]
-53.50052,0,1FUF,[-15   6   6]
-7.2712545,0,1FUF,[-3  3  0]
-10.557608,0,1FUF,[18 -6  9]
-6.927989,0,1FUF,[-3 -9 12]
-10.291926,0,1FUF,[  9 -15  18]
-7.2358465,0,1FUF,[ 3 -3  0]
-53.386024,0,1FUF,[-6 -9 -3]
-9.15501,0,1FUF,[ 9 -3 -3]
-8.050319,0,1FUF,[-6 12 15]
-5.492652,0,1FUF,[-9  3 12]
-21.28077,0,1FUF,[  6 -18  21]
-30.465858,0,1FUF,[-18  15  15]
-8.235323,0,1FUF,[-18  -3  18]
-5.1615477,0,1FUF,[-9  3  6]
-6.900769,0,1FUF,[ 6 -6  0]
-7.1863885,0,1FUF,[-15   0   9]
-7.831156,0,1FUF,[12  3  3]
-21.28077,0,1FUF,[-9 18  3]
-14.090873,0,1FUF,[-12   0  27]
-8.928711,0,1FUF,[-12  12   9]
-9.609379,0,1FUF,[-18   9  18]
-12.094021,0,1FUF,[-15  -6  21]
-11.814142,0,1FUF,[ 6  9 21]
-8.414936,0,1FUF,[12  6 18]
-53.386024,0,1FUF,[27  3 18]
-31.219189,0,1FUF,[24  3  3]
-9.537192,0,1FUF,[ 6 -3 -3]
-7.311783,0,1FUF,[-9 -6 15]
-52.29252,0,1FUF,[-12   3  -3]
-7.317811,0,1FUF,[-15  -3  15]
-10.666696,0,1FUF,[  3 -15   3]
-11.615324,0,1FUF,[ 0 -3 27]
-20.546137,0,1FUF,[-9 15  0]
-6.019577,0,1FUF,[-3 -6 18]
-9.724134,0,1FUF,[-9  0 -3]
-28.568333,0,1FUF,[-9 15 24]
-5.134846,0,1FUF,[ 0  3 12]
-11.623297,0,1FUF,[24  0 12]
-5.6871605,0,1FUF,[0 3 9]
-9.418765,0,1FUF,[ 9  0 -3]
-13.043996,0,1FUF,[24  3 15]
-53.386024,0,1FUF,[24  3 21]
-17.4889,0,1FUF,[12  9  3]
-24.614237,0,1FUF,[24 -3 15]
-10.536692,0,1FUF,[ 12 -15  15]
-37.184433,0,1FUF,[-21  -9  12]
-37.88389,0,1FUF,[-12   9  27]
-6.13579,0,1FUF,[ 9  0 15]
-52.29252,0,1FUF,[-15  15   6]
-8.571203,0,1FUF,[ 0  0 24]
-9.575159,0,1FUF,[-3  9 -3]
-8.753424,0,1FUF,[ 9 -6  0]
-6.9357786,0,1FUF,[-9  3 21]
-17.998503,0,1FUF,[-18  -3  27]
-21.280628,0,1FUF,[-18   6   9]
-7.3136806,0,1FUF,[ 3 -9 18]
-53.386024,0,1FUF,[ 9 12  6]
-9.484662,0,1FUF,[-12   0   0]
-6.173546,0,1FUF,[-9 -3 12]
-15.088297,0,1FUF,[ 0 15  3]
-4.6256304,0,1FUF,[ 3  0 12]
-7.5505834,0,1FUF,[ 0 12  9]
-8.834932,0,1FUF,[  6 -12   3]
-8.109556,0,1FUF,[-12   9  21]
-6.9454007,0,1FUF,[ 0 -9 18]
-12.412038,0,1FUF,[ 0 12  0]
-7.1464815,0,1FUF,[ 3 -6 21]
-6.05836,0,1FUF,[ 6  3 12]
-9.166785,0,1FUF,[-18   3  18]
-9.969624,0,1FUF,[ 6  3 -3]
-8.94087,0,1FUF,[-3 12 18]
-5.9381294,0,1FUF,[-3  0 21]
-16.215921,0,1FUF,[ 0 15 12]
-19.588867,0,1FUF,[21 -6  9]
-7.091774,0,1FUF,[-3 -9  9]
-8.214052,0,1FUF,[-3 15  9]
-5.280263,0,1FUF,[12  0  9]
-9.087015,0,1FUF,[12  0 -3]
-6.7617435,0,1FUF,[12 -3  6]
-5.643833,0,1FUF,[9 0 9]
-18.849709,0,1FUF,[-3 15  0]
-52.29252,0,1FUF,[  3 -21  18]
-6.339842,0,1FUF,[-3  6  9]
-14.108603,0,1FUF,[-12  15  21]
-13.712032,0,1FUF,[  0 -12   0]
-11.610596,0,1FUF,[  0 -15  18]
-16.422865,0,1FUF,[-21   6  15]
-18.701118,0,1FUF,[-3 -6 -3]
-9.426721,0,1FUF,[21  0 15]
-14.323717,0,1FUF,[21  6 15]
-8.977173,0,1FUF,[-15   6  21]
-8.499521,0,1FUF,[-12  12   6]
-5.9751186,0,1FUF,[ 6  6 15]
-11.658796,0,1FUF,[-15   0   3]
-8.262545,0,1FUF,[15 -9 18]
-20.175728,0,1FUF,[12 -9  6]
-12.706215,0,1FUF,[-15 -12  15]
-24.302795,0,1FUF,[-12  18  18]
-7.804997,0,1FUF,[ 0 -6  0]
-9.68607,0,1FUF,[21 -3  9]
-8.568936,0,1FUF,[-9 15 12]
-14.410493,0,1FUF,[ 15 -12  21]
-15.48724,0,1FUF,[ 9 -3 27]
-13.249777,0,1FUF,[ 9 12  9]
-9.00449,0,1FUF,[18  0 12]
-12.26981,0,1FUF,[-21   3  24]
-4.382716,0,1FUF,[ 0  0 12]
-5.627615,0,1FUF,[-6  0 18]
-7.7094817,0,1FUF,[12 -3  3]
-6.8472133,0,1FUF,[ 0  9 12]
-11.681238,0,1FUF,[ 3 12 18]
-28.750593,0,1FUF,[-15   0   0]
-10.115407,0,1FUF,[-18  -6   6]
-6.1048994,0,1FUF,[12 -6 12]
-7.1878004,0,1FUF,[-6  9 18]
-27.967985,0,1FUF,[  9 -15   9]
-8.90605,0,1FUF,[-6 -9  3]
-52.29252,0,1FUF,[-18  -9   3]
-14.986073,0,1FUF,[ 12 -12  24]
-11.813494,0,1FUF,[-15  12  21]
-6.662759,0,1FUF,[-12   3   9]
-8.701389,0,1FUF,[-9  6 24]
-7.106647,0,1FUF,[12 -3 21]
-9.49343,0,1FUF,[-18   6  21]
-5.903945,0,1FUF,[ 9  6 12]
-22.877197,0,1FUF,[ 3 -6 -6]
-6.1533947,0,1FUF,[ 0 -6  9]
-27.324047,0,1FUF,[ 12 -12   0]
-19.206528,0,1FUF,[-21  -3  21]
-7.2525377,0,1FUF,[-9 -9  9]
-52.29252,0,1FUF,[12 -9 -6]
-6.6289034,0,1FUF,[-6 -6  9]
-11.65945,0,1FUF,[-18   6  12]
-15.505938,0,1FUF,[-21   0  27]
-7.390683,0,1FUF,[-12  -6   6]
-8.547162,0,1FUF,[-15   6  18]
-5.8228817,0,1FUF,[ 0 -3 18]
-6.3652554,0,1FUF,[-3  6 15]
-53.386024,0,1FUF,[ -6 -15   3]
-4.3996058,0,1FUF,[ 0  3 15]
-8.259148,0,1FUF,[15 -3 21]
-11.01241,0,1FUF,[-3  0 27]
-11.285891,0,1FUF,[-12  -9  18]
-7.480768,0,1FUF,[-9 -3  6]
-54.3768,0,1FUF,[-12  -6  -3]
-24.860172,0,1FUF,[21 -3 21]
-30.912403,0,1FUF,[ 0  6 27]
-10.001358,0,1FUF,[12  3 -3]
-13.249777,0,1FUF,[-6  3 27]
-13.341221,0,1FUF,[-9 15  3]
-7.683222,0,1FUF,[-6 -9  6]
-16.524214,0,1FUF,[-12  12  24]
-7.109002,0,1FUF,[-15  -3  18]
-6.344513,0,1FUF,[ 6  0 21]
-4.7846503,0,1FUF,[ 6 -3  9]
-27.870798,0,1FUF,[18  9  3]
-7.5707154,0,1FUF,[-9 -3  3]
-53.38602,0,1FUF,[21  3  0]
-16.955462,0,1FUF,[24  3  6]
-11.897419,0,1FUF,[ -9 -12  15]
-8.548164,0,1FUF,[-9  0  0]
-7.273242,0,1FUF,[-3  0  0]
